position,velocity,acceleration
-453.4747684548215,20.0,3.689626382197276e-15
-451.07476845482154,20.0,0.001103009382185296
-448.6747525714864,20.00013236112586,0.0021581287572409384
-446.2747056110972,20.00039133657673,0.003166075507763531
-443.8746130592207,20.00077126563766,0.004127784899649806
-441.4744610672416,20.001266599825616,0.0050443762199332805
-439.0742364362449,20.001871924972008,0.005917121916947645
-436.6739265986927,20.00258197960204,0.0067474195524716936
-434.2735195982989,20.00339166994834,0.007536766384579186
-431.87300406846913,20.00429608191449,0.008286736408579734
-429.47236920963513,20.005290490283517,0.008998959691878425
-427.07160476578156,20.006370365446543,0.00967510384653328
-424.6707010004326,20.007531377908126,0.010316857491540992
-422.26964867233573,20.00876940080711,0.010925915563993123
-419.86843901105476,20.01008051067479,0.011503966345705113
-417.4670636926584,20.011460986636276,0.012052680078997685
-415.06551481566896,20.012907308245754,0.012573699051816075
-412.66378487741315,20.01441615213197,0.013068629038921373
-410.2618667508992,20.01598438761664,0.01353903199210183
-407.85975366232447,20.01760907145569,0.013986419878213217
-405.45743916930354,20.019287441841076,0.014412249569605804
-403.0549171398888,20.021016911789427,0.014817918696907604
-400.65218173244483,20.022795062033055,0.015204762379407667
-398.2492273764226,20.024619633518583,0.015574050753345852
-395.8460487540695,20.026488519608986,0.015926987223100025
-393.4426407831004,20.028399758075757,0.016264707365025995
-391.0389986003452,20.03035152295956,0.01658827841799627
-388.63511754638085,20.03234211636972,0.016898699298944997
-386.2309931511466,20.03436996028559,0.017196901085830538
-383.8266211205367,20.036433588415893,0.017483747914196265
-381.4219973239568,20.038531638165598,0.01776003823722275
-379.01711778282635,20.040662842754063,0.01802650640273524
-376.6119786600037,20.04282602352239,0.018283824503866994
-374.2065762501081,20.045020082462855,0.018532604463449686
-371.8009069707083,20.047243994998468,0.01877340031506007
-369.3949673543439,20.049496803036273,0.01900671064665453
-366.9887540413462,20.051777608313873,0.019232981175443913
-364.58226377341964,20.054085566054926,0.01945260742521079
-362.1754933879461,20.056419878945952,0.019665937479782788
-359.7684398129729,20.058779791443527,0.019873274788749132
-357.3611000628427,20.061164584418176,0.02007488100355441
-354.95347123442605,20.0635735701386,0.020270978824303624
-352.54555050391434,20.06600608759752,0.020461754839587225
-350.13733512413296,20.06846149817827,0.02064736234330449
-347.72882242233385,20.070939181659465,0.020827924114327385
-345.32000979842746,20.073438532553183,0.02100353514646407
-342.91089472361494,20.07595895677076,0.021174265317544905
-340.5014747393819,20.078499868608866,0.021340161987998384
-338.09174745681617,20.081060688047426,0.02150125252053256
-335.68171055621417,20.08364083834989,0.021657546713759634
-333.2713617869395,20.08623974395554,0.021809039143711136
-330.86101301766485,20.088856828652787,0.007313340191311314
-328.4503501982265,20.089734429475744,-0.012106196358895508
-326.0395820666894,20.088281685912676,-0.032093814528608246
-323.62898826437987,20.08443042816924,-0.050684244573109966
-321.21885661299956,20.078348318820467,-0.06700065388134215
-318.8094548147411,20.070308240354706,-0.08067626133815577
-316.4010178258986,20.060627088994128,-0.09159360960719802
-313.9937425752193,20.049635855841263,-0.09976461506022068
-311.5877862725184,20.037664102034036,-0.10527344505392362
-309.1832665802743,20.025031288627567,-0.10824769383515576
-306.78026282563894,20.012041565367348,-0.10884252305987772
-304.3788178377949,19.998980462600162,-0.1072309411078589
-301.9789401822829,19.986112749667218,-0.10359716880406541
-299.58060665232284,19.97368108941073,-0.09813171174141545
-297.18376492159354,19.96190528400176,-0.09102749999432935
-294.78833628751335,19.95098198400244,-0.08247678369528004
-292.394218449433,19.941084769959005,-0.07266861816989337
-290.00128827703793,19.932364535778618,-0.06178683726984093
-287.6094045327445,19.92495011530624,-0.05000844340753277
-285.2184105189078,19.918949102097333,-0.03750235749140555
-282.8281366266561,19.914448819198363,-0.02442848018735602
-280.43840276835226,19.91151740157588,-0.01093702144505098
-278.04902068016315,19.91020495900247,0.002831940394372105
-275.65979608508286,19.910544791849794,0.016748704719764092
-273.2705307100609,19.912554636416168,0.030694031209788867
-270.88102415369093,19.916237920161343,0.044559086644379735
-268.49107560327155,19.92158501055867,0.0582452805842926
-266.1004854020045,19.928574444228783,0.07166401154898662
-263.70905646869704,19.93717412561466,0.08473634255924217
-261.31659557362326,19.94734248672177,0.09739262237657455
-258.92291447521666,19.959029601406957,0.10957206646719472
-256.5278309230478,19.97217824938302,0.12122230963921912
-254.13116953312186,19.986724926539726,0.13229894043990106
-251.7327625419371,20.002600799392514,0.14276502574241282
-249.33245044601,20.019732602481604,0.15259063248675878
-246.9300825337122,20.038043478380015,0.16175235225218584
-244.5255173163066,20.057453760650276,0.17023283321512228
-242.11862286502858,20.07788170063609,0.17802032307260643
-239.70927706095225,20.099244139404803,0.1851082256732812
-237.29736776422368,20.1214571264856,0.19149467338330514
-234.8827929090454,20.144436487291596,0.1971821166100253
-232.46546053057043,20.1680983412848,0.2021769314014475
-230.04528872961626,20.192359573052975,0.2064890456226568
-227.6222055808499,20.217138258527694,0.21013158387253641
-225.19614898982658,20.242354048592397,0.21312053103458584
-222.7670665039955,20.267928512316548,0.2154744141466307
-220.3349150825175,20.293785442014144,0.21721400211734168
-217.8996608294758,20.319851122268226,0.21836202270583463
-215.4612786948036,20.346054564992926,0.21894289610588427
-213.01975214700445,20.37232771252563,0.21898248443388127
-210.57507282150138,20.398605610657697,0.218507856403231
-208.12724014822246,20.424826553426083,0.21754706647105623
-205.67626096181132,20.45093220140261,0.21612894776386868
-203.222149097643,20.476867675134272,0.2142829181201115
-200.7649249766269,20.502581625308686,0.21203879862814734
-198.30461518158987,20.528026281144065,0.2094266440833779
-195.8412520278526,20.55315747843407,0.20647658483621245
-193.3748731304405,20.577934668614414,0.20321867955103604
-190.90552097020677,20.60232091016054,0.19968277844313476
-188.43324246098751,20.626282843573716,0.19589839660457833
-185.95808851975866,20.649790651166263,0.19189459707016648
-183.48011364161871,20.672818002814683,0.18769988330992515
-180.99937548128096,20.695341988811872,0.1833421008648277
-178.51593444262355,20.71734304091565,0.17884834786717416
-176.02985327771367,20.73880484265971,0.1742448942063653
-173.5411966965945,20.759714229964473,0.1695571091147666
-171.05003098899877,20.780061083058246,0.16480939695722657
-168.5564236590318,20.799838210693114,0.1600251410120688
-166.06044307374862,20.819041227614562,0.15522665503142347
-163.56215812643487,20.837668426218332,0.15043514236525712
-161.06163791528866,20.855720643302163,0.145670662426689
-158.5589514380924,20.873201122793365,0.1409521042672954
-156.0541673033572,20.89011537530544,0.13629716701997932
-153.54735345832054,20.90647103534784,0.13172234695493942
-151.0385769340788,20.922277716982432,0.1272429308811636
-148.5279036080409,20.937546868688173,0.1228729956129157
-146.01539798379832,20.952291628161724,0.11862541320757339
-143.50112298841893,20.966526677746632,0.1145118616689676
-140.98513978708934,20.98026810114691,0.11054284079884834
-138.4675076149517,20.99353324204277,0.10672769286874745
-135.94828362590656,21.00634056518702,0.10307462777520278
-133.4275227580841,21.018709520520044,0.09959075233361954
-130.9052776156217,21.030660410800078,0.09628210335944941
-128.3815983663257,21.04221426320321,0.09315368418047595
-125.85653265474132,21.053392705304866,0.09020950422049717
-123.33012553010474,21.064217845811324,0.08745262129272313
-120.80241938860738,21.074712160366452,0.08488518624076062
-118.2734539293634,21.084898382715345,0.08250848956618638
-115.74326612343756,21.094799401463288,0.08032300968417677
-113.21189019526197,21.10443816262539,0.07832846245264564
-110.67935761574692,21.113837578119707,0.07652385162569168
-108.14569710637255,21.12302044031479,0.07490751988875424
-105.61093465353478,21.13200934270144,0.07347720014064775
-103.0750935324106,21.140826606718317,0.07223006669661133
-100.5381943396044,21.149494214721912,0.07116278609637437
-98.00025503383777,21.158033749053477,0.07027156721200745
-95.46129098395136,21.16646633711892,0.06955221036184983
-92.92131502349709,21.17481260236234,0.06900015514895483
-90.38033751121361,21.183092620980215,0.06861052675508132
-87.83836639669599,21.191325884190825,0.06837818043417905
-85.29540729059309,21.199531265842925,0.06829774396255413
-82.75146353869194,21.20772699511843,0.06836365781590847
-80.20653629927773,21.215930634056342,0.06857021285668312
-77.66062462319097,21.224159059599145,0.06891158532772279
-75.11372553603907,21.232428449838473,0.0693818689607785
-72.56583412205845,21.240754274113765,0.06997510401992584
-70.0169436091648,21.249151286596156,0.07068530311096186
-67.46704545477326,21.25763352296947,0.07150647359773686
-64.91612943201692,21.2662142998012,0.07243263647524707
-62.36418371604077,21.274906216178227,0.07345784155699084
-59.811194970099386,21.283721157165065,0.07457617884065623
-57.25714843123958,21.292670298625943,0.07578178592160757
-54.702027995404464,21.301764112936535,0.07706885132808253
-52.14581630185208,21.311012375095906,0.07843161365546565
-49.58849481684057,21.32042416873456,0.0798643563796395
-47.030043916592426,21.330007891500117,0.08136139823128101
-44.470442969612414,21.339771259287872,0.08291707901427756
-41.90967041849787,21.349721308769585,0.08452574075178802
-39.34770386144552,21.3598643976598,0.08618170404349833
-36.78452013372634,21.370206202145017,0.08787923951670899
-34.22009538946894,21.380751710887022,0.08961253425247084
-31.654405184162496,21.39150521499732,0.09137565306572087
-29.087424558362816,21.402470293365205,0.09316249451547116
-26.519128123158993,21.413649792707062,0.09496674151742956
-23.949490148034144,21.425045801689155,0.09678180642727198
-21.378484651831446,21.43665961846043,0.09860077045796546
-18.806085497616195,21.448491710915384,0.10041631728960382
-16.232266492306348,21.460541668990135,0.10222066072529715
-13.657001492027533,21.47280814827717,0.10400546624207052
-11.080264514234273,21.48528880422622,0.10576176628224017
-8.502029857727127,21.49798021618009,0.10747986912869588
-5.9222722317855165,21.510877800475534,0.10914926120789498
-3.3409668957284526,21.52397571182048,0.11075850266780903
-0.7580898103099951,21.537266732140615,0.11229511608569731
1.8263821975468786,21.5507421460709,0.11374546817342558
4.412471255075387,21.56439160225171,0.1150946443671709
7.000198247345592,21.57820295957577,0.11632631621518784
9.589582602494684,21.592162117521593,0.11742260151311137
12.180642056597275,21.606252829703166,0.11836391718255009
14.773392396161654,21.620456499765073,0.11912882494689345
17.367847176133463,21.6347519587587,0.11969386993026401
19.964017411184507,21.649115223150332,0.12003341239270313
22.561911237962548,21.663519232637455,0.12011945291940032
25.161533545879042,21.677933566987782,0.11992145150558647
27.762885573917575,21.692324141168452,0.11940614112430502
30.36596447085779,21.70665287810337,0.11853733653355096
32.97076281623019,21.720877358487396,0.1172757392751504
35.57726809924868,21.734950447200415,0.1155787400426762
38.18546215291273,21.748819896005536,0.11340021985282042
40.795320540433394,21.762427922387875,0.11069035174666603
43.406811891119936,21.775710764597473,0.10739540507751837
46.01989718287163,21.788598213206775,0.10345755481297339
48.63452896845644,21.801013119784333,0.09881469869360288
51.25065054283056,21.812870883627564,0.09340028555065545
53.86819504886587,21.824078917893644,0.0871431585921066
56.48708451901311,21.834536096924698,0.07996741801980614
59.10722885064407,21.844132187087073,0.07179230793873236
61.728524713094515,21.85274726403972,0.0625321331586279
64.35085438477928,21.860251120018756,0.052096212161788884
66.97408451918153,21.86650266547817,0.04038887320886787
69.59806483903891,21.871349330263232,0.02730950126341452
72.2226267586705,21.874626470414842,0.012752644117811407
74.84758193512027,21.87615678770898,-0.003391813224981829
77.47272074964535,21.87574977012198,-0.021238396246228423
80.09781072205999,21.873201162572435,-0.04090570049474117
82.72259486156868,21.868292478513066,-0.06251595248494397
85.34678995899024,21.860790564214874,-0.08619446113226174
87.97008482669602,21.850447228879002,-0.11206894898258922
90.5921384941615,21.836998955001093,-0.14026875282678505
93.21257836876164,21.82016670466188,-0.17092388399344607
95.83099837332107,21.799655838582666,-0.20416393975710614
98.44695707395098,21.775156165811815,-0.24011685895908275
101.0599758138484,21.746342142736726,-0.27890751718833073
103.6695368709768,21.712873240674128,-0.3206561597761575
106.27508165985769,21.674394501500988,-0.3654766744748983
108.87600900003781,21.630537300564,-0.4134747100484506
111.4716734761055,21.580920335358186,-0.46474565210345103
114.06138391634848,21.52515085710577,-0.5193724732959449
116.64440201920117,21.462826160310257,-0.577423481472307
119.2199411584384,21.393535342533582,-0.6389499962007504
121.78716539954243,21.31686134298949,-0.7039839913146979
124.34518876070118,21.232383264031725,-0.7725357482482861
126.89307475238499,21.13967897424193,-0.8445915717651845
129.429836229294,21.038327985630108,-0.9201116257767658
131.95443558756963,20.927914590536897,-0.9990279518760438
134.46578533843407,20.808031236311773,-1.0812427365617898
136.9627490867915,20.67828210792436,-1.1666268944153897
139.44414293974242,20.538286880594512,-1.2550190333602715
141.90873736541377,20.38768459659128,-1.346224864247339
144.35525951700473,20.2261376128816,-1.4400171101681993
146.78239603055053,20.053335559661416,-1.5361359610445633
149.1887962977099,19.86899924433607,-1.6342901062947823
151.57307620703023,19.672884431580695,-1.7341583630448136
153.9338223388199,19.46478542801532,-1.8353918999325733
156.26959659018175,19.24453840002341,-1.9376170377349007
158.57894119818457,19.01202435549522,-2.040438588659313
160.860384120844,18.767171724856105,-2.143443677127931
163.11244472782673,18.509958483600755,-2.2462059672230392
165.33363974585882,18.24041376753399,-2.3482902066246787
167.5224893979629,17.95861894273903,-2.4492569847159706
169.67752367109156,17.664708104573112,-2.548667594267092
171.79728864364034,17.35886799326106,-2.6460888822148827
173.88035280283168,17.041337327395276,-2.741097975749217
175.9253132821191,16.71240557030537,-2.83328677515346
177.93080195055575,16.372411157286955,-2.9222661142851347
179.89549128943017,16.021739223572737,-3.007669502653415
181.8180999962589,15.660818883254327,-3.089156378968105
183.6973982622494,15.290120117778155,-3.1664148239122327
185.53221267638278,14.910150338908688,-3.239163698733233
187.32143071705184,14.5214506950607,-3.3071541951013157
189.06400480045912,14.124592191648542,-3.37017079969031
190.75895586345695,13.720171695685705,-3.428031693272232
192.40537646693923,13.308807892493038,-3.480588618248663
194.0024334140384,12.891137258303198,-3.5277262600330292
195.54936988503476,12.467810107099234,-3.569361196338205
197.04550709788668,12.03948676353865,-3.6054404741760275
198.4902455095113,11.606833906637526,-3.635939877359256
199.88306557830782,11.170521121354415,-3.6608619477538724
201.22352811287035,10.73121768762395,-3.6802338217922257
202.51127423538523,10.289589629008884,-3.694104940211516
203.7460249908663,9.846297036183502,-3.7025446840278775
204.9275806352083,9.401991674100158,-3.705639983792866
206.05581963610032,8.957314876045015,-3.7034929425690946
207.13069742122573,8.512895722936722,-3.6962185061282717
208.15224490797814,8.06934950220133,-3.6839422068883354
209.1205668482423,7.62727643737473,-3.666798001287033
210.03584002072728,7.187260677220286,-3.6449262138168304
210.89831130199372,6.7498695315622665,-3.61847159496416
211.7082956457812,6.315652940166568,-3.5875814947389015
212.4661739986012,5.8851431607979,-3.5524050540505065
213.17239117789694,5.458854554311839,-3.5130510926316396
213.82745372441437,5.037288423196042,-3.467983340856455
214.43192833519788,4.621130422293268,-3.4070158626960003
214.9864639858731,4.212288518769748,-3.3266125256476755
215.49193860812545,3.813095015692027,-3.22537254569824
215.94951001000848,3.4260503102082382,-3.103455468468967
216.36063604723347,3.0536356539919622,-2.961957509166179
216.7270723257125,2.6982007528920207,-2.803538740950766
217.05085641605953,2.361776103977929,-2.6327761799858194
217.3342695485369,2.0458429623796306,-2.459035821290075
217.57977070402245,1.7507586638248216,-2.286526194087455
217.78986174368143,1.476375520534327,-2.1155871256541627
217.96702680614555,1.2225050654558274,-1.9468128664585116
218.11372741400027,0.9888875214808059,-1.780908489109126
218.23239391657796,0.7751785027877108,-1.6186529981241546
218.3254153369125,0.5809401430128123,-1.460849863173163
218.39512815407403,0.40563815943203274,-1.3082907499754393
218.44380473320587,0.24864326943498002,-1.1617075993393202
218.47364192553806,0.10923835751426161,-1.02174287381432
218.48675052843979,-0.013370787343456772,-0.9048288896175395
218.48514603395856,-0.12195025409756151,-0.902913285534609
218.47051200346684,-0.23029984836171458,-0.8852201155949777
218.44287602166344,-0.3365262622331119,-0.8521597732762632
218.40249287019546,-0.43878543502626344,-0.80472965325556
218.3498386179923,-0.5353529934169307,-0.7444435795009682
218.28559625878228,-0.6246862229570468,-0.6731603276862612
218.21063391202742,-0.7054654622793981,-0.5930350131825564
218.1259780565539,-0.7766296638613048,-0.5062591977417373
218.03278249689055,-0.8373807675903133,-0.41508504345486713
217.9322968047797,-0.8871909728048973,-0.3215235639205958
217.82583388804312,-0.9257738004753688,-0.22743525337266052
217.71474103198608,-0.9530660308800881,-0.134414728812992
217.60037310828048,-0.9691957983376471,-0.04377509497862487
217.48406961247997,-0.9744488097350821,0.04345337198368788
217.36713575531175,-0.9692344050970395,0.12647700017696561
217.2508276267001,-0.9540571650758036,0.2047242630198631
217.136340766891,-0.9294902535134201,0.27782934092370776
217.0248019364694,-0.8961507326025752,0.34556895932105225
216.9172638485571,-0.8546824574840489,0.40781037032343365
216.814701953659,-0.8057452130452369,0.46453443051447557
216.7180125280936,-0.7500010813834999,0.5157986067785613
216.62801239832757,-0.6881052485700725,0.5616875010258213
216.54543976849916,-0.6207027484469739,0.6023064440032629
216.47095543868554,-0.5484259751665824,0.6378045410698715
216.40514432166555,-0.47188943023819785,0.6682767789061693
216.34851759003695,-0.39169621676945754,0.6938749127955142
216.3015140440246,-0.30843122723399585,0.7146786714116259
216.26450229675652,-0.22266978666460074,0.7308005883721848
216.23778192235676,-0.13497371605993858,0.7422961561148201
216.22158507642956,-0.04589817732616017,0.7492011121267826
216.21607729515043,0.04400595612905375,0.7256027752958384
216.2213580098859,0.13107828916455436,0.6704205988026856
216.23708740458565,0.21152876102087662,0.6124963591897402
216.26247085590816,0.2850283241236454,0.552358316716144
216.296674254803,0.3513113221295827,0.49054391432998024
216.33883161345855,0.4101765918491803,0.4276258482934535
216.38805280448045,0.46149169364439474,0.364195524800831
216.4434318077178,0.5051951566204944,0.30083650692261393
216.50405522651224,0.5412955374512081,0.23818243655597773
216.56901069100638,0.5698774298379254,0.17689186910750102
216.63739598258692,0.5911044541308256,0.11753396610049045
216.70832851708263,0.6052085300628844,0.06066215425700803
216.78095354069018,0.6124879885737254,0.007291004633239646
216.85445209931902,0.6133629091297143,-0.04124998017287693
216.92805564841458,0.608412911508969,-0.08359942355576769
217.00106519779567,0.598380980682277,-0.11852348737957052
217.07287091547755,0.5841581621967284,-0.14500344265960524
217.14296989494116,0.5667577490775758,-0.1622841591244126
217.21098082483047,0.5472836499826463,-0.1698971948857981
217.2766548628284,0.5268959865963506,-0.16766445134735994
217.33988238121995,0.5067762524346674,-0.15568444567911263
217.4006955315121,0.4880941189531739,-0.13431006460960176
217.45926682578647,0.47197691120002166,-0.10411248586638501
217.51590405513048,0.4594834128960555,-0.065838211418329
217.571042064678,0.451582827525856,-0.02036458825905214
217.62523200398113,0.44913907693476973,0.03134492321042814
217.6791286932133,0.4529004677200211,0.08828307876235975
217.7334767493397,0.4634944371715043,0.14943677703383448
217.7890960818003,0.48142685041556443,0.21381925731158635
217.84686730385016,0.5070851612929548,0.2804958789837477
217.90771752320532,0.5407446667710045,0.34860334610435784
217.97260688321785,0.5825770683035275,0.417362681895091
218.04251613141426,0.6326605901309384,0.48608657699104335
218.11843540222998,0.6909909793698636,0.5541819348195566
218.20135431975436,0.7574928115482105,0.6211485308248241
218.29225345714013,0.8320306352471893,0.6865747087541427
218.3920971333698,0.9144196002976864,0.7501309790964696
218.5018274854055,1.0044353177892629,0.8115622840114943
218.6223597235402,1.1018227918706422,0.8706795693659817
218.75457845856468,1.2063043401945601,0.9273511738041372
218.89933497938802,1.3175864810510567,0.9814944189511401
219.05744535711415,1.4353658113251935,1.0330676716542095
219.22968925447316,1.5593339319236985,1.082063052851237
219.416809326304,1.6891814982658468,1.1284998896977245
219.6195111060959,1.8246014850295738,1.1724189474831377
219.83846328429945,1.9652917587275502,1.2138774338867953
220.07429829534675,2.1109570507939655,1.2529447378744498
220.32761314144201,2.2613104193388995,1.2896988464285357
220.5989703917627,2.416074280910324,1.324223371837194
220.88889930547194,2.574981085530787,1.3566051182061807
221.19789703573562,2.737773699715529,1.386932116316373
221.52642987970148,2.9042055536734934,1.4152920594094682
221.8749345461423,3.0740406008026295,1.441771077768828
222.24381941823862,3.247053130134889,1.4664527961988174
222.6334657938548,3.423027465678747,1.4894176250731421
223.04422908973626,3.601757580687524,1.5107422420976822
223.47643999941877,3.7830466497392456,1.5304992280482157
223.93040559738748,3.9667065571050317,1.5487568253430302
224.40641038424008,4.152557376146195,1.5655787933207508
224.9047172693776,4.3404268313446845,1.5810243384966363
225.42556848913898,4.530149751964281,1.595148101883491
225.9691864593747,4.7215675241902995,1.6080001887270177
226.53577456227754,4.914527546837542,1.619626228771636
227.12551786789805,5.108882694290139,1.6300674574970444
227.73858379121287,5.304490789189784,1.639360810706521
228.37512268591564,5.501214086474566,1.6475390264592356
229.03526837629258,5.698918769649675,1.6546307496707957
229.71913862865054,5.89747445961017,1.6606606358043305
230.42683556380376,6.09675373590669,1.6656494509786341
231.15844601211256,6.296631670024126,1.669614166565353
231.91404181251545,6.496985370011968,1.6725680469641058
232.6936800569169,6.697693535647661,1.674520729758688
233.4974032811946,6.898636023218703,1.675478297891394
234.32523960398086,7.09969341896567,1.675443343864644
235.17720281425673,7.300746620229428,1.6744150263055582
236.05329240868426,7.501676423386095,1.6723891195232339
236.95349357949058,7.702363117728883,1.6693580569615365
237.87777715361804,7.902686084564267,1.6653109697116164
238.82609948376574,8.10252340092966,1.660233721505842
239.7984022918773,8.301751447510362,1.6541089418747486
240.79461246557855,8.500244520535333,1.6469160594155885
241.81464180804278,8.697874447665203,1.6386313373988584
242.85838674176262,8.894510208153067,1.6292279142298165
243.925727966741,9.090017557860644,1.618675851586163
245.01653007368427,9.284258660050984,1.6069421933699344
246.13064111289037,9.477091723255375,1.593991038938775
247.26789211968102,9.668370647928029,1.5797836344147003
248.4280965974324,9.857944684057793,1.5642784862007402
249.61104995951933,10.045658102401882,1.5474315011587405
250.81652893180757,10.23134988254093,1.5291961582038556
252.0442909177125,10.414853421525393,1.5095237163388582
253.29407332829553,10.595996267486056,1.488363464367471
254.56559288039387,10.774599883210152,1.4656630176706673
255.85854486637908,10.950479445330632,1.4413686674806863
257.17260239981874,11.123443685428315,1.415425788018546
258.50741564207016,11.293294779990541,1.387779306644616
259.862611015669,11.459828296787895,1.3583742417780542
261.2377904112836,11.622833205801262,1.32715631273928
262.63253039597976,11.782091963329975,1.2940726248292238
264.04638143157933,11.937380678309482,1.259072431850981
265.47886711297645,12.0884693701316,1.2221079768783791
266.92948343739226,12.235122327357006,1.1831354103622516
268.3976981166751,12.377098576600476,1.1421157826274957
269.88294994586715,12.514152470515775,1.0990161054527685
271.38464824232904,12.646034403170107,1.0538104747543375
272.9021723707094,12.772491660140627,1.0064812434477488
274.43487136992627,12.893269409354357,0.9570202303887533
275.9820636990488,13.008111837001007,0.9054299479724108
277.54303711948893,13.116763430757697,0.8517248275967977
279.11704873117986,13.218970410069312,0.7959324188985817
280.70332518038816,13.314482300337142,0.7380945355906309
282.30106305642863,13.403053644608017,0.6782683180438491
283.9094294937816,13.484445842773278,0.6165271806414429
285.5275629949144,13.558429104450251,0.5529616105833658
287.15457448744843,13.624784497720256,0.48767978442138915
288.78954862717484,13.683306071850822,0.42080796933353115
290.4315453557969,13.733803028170845,0.3524906781455488
292.0796017191774,13.776101909548311,0.28289055047780065
293.7327339483232,13.810048775605647,0.21218793718083073
295.3899398013959,13.835511328067348,0.1405801713948588
297.05020116076395,13.85238094863473,0.0682805170187922
298.71248687460013,13.860574610676984,-0.00448320609043483
300.3757558278814,13.860036625946131,-0.07747031152527367
302.03896022299494,13.8507401885631,-0.15042923188533389
303.70104904562254,13.83268868073686,-0.22309977220003482
305.36097168731095,13.805916708072855,-0.29521559352405674
307.01768169227967,13.770490836849968,-0.3665068804980322
308.67014059270167,13.726510011190204,-0.4367031394945483
310.3173217940445,13.674105634450857,-0.5055360685410134
311.95821447017863,13.613441306225935,-0.5727424368463563
313.59182742692576,13.544712213804372,-0.6380669106712993
315.21719289258226,13.468144184523815,-0.7012647635604933
316.8333701947251,13.383992412896557,-0.7621044125547655
318.43944928427265,13.292539883389985,-0.820369727744999
320.03455407027946,13.194095516060585,-0.8758620701205001
321.61784553220673,13.088992067646124,-0.9284020217081461
323.18852458032427,12.977583825041147,-0.977830782031368
324.7458346393292,12.860244131197383,-1.0240112154396572
326.2890639350729,12.737362785344624,-1.0668285443704877
327.8175474693142,12.609343360020166,-1.1061906936350676
329.33066867251665,12.476600476783958,-1.1420282999605809
330.82786072973073,12.339557080788689,-1.1742944089427563
332.30860757942537,12.198641751715558,-1.2029638880329168
333.7724445896312,12.054286085151608,-1.2280325890649622
335.2189589198494,11.906922174463812,-1.2495162970837193
336.64778958078506,11.756980218813766,-1.2674495039145888
338.0586272070427,11.604886278344015,-1.281884045137945
339.451213560444,11.451060192927462,-1.2928876380772116
340.82534078359527,11.295913676358197,-1.3005423562927625
342.18085042475826,11.139848593603066,-1.3049430731290064
343.51763225599063,10.983255424827584,-1.3061959033268489
344.83562290696995,10.826511916428363,-1.3044166678150217
346.13480433694133,10.66998191629056,-1.2997294027379143
347.4152021668962,10.51401438796201,-1.292264929741753
348.67688389345165,10.358942596393,-1.28215950067109
349.91995700501883,10.205083456312469,-1.269553526235802
351.14456701977633,10.052737033164172,-1.2545903949720687
352.35089546375605,9.902186185767524,-1.2374153859916872
353.53915780604814,9.753696339448522,-1.218174676609926
354.70960136678195,9.60751537825533,-1.1970144439681725
355.8625032121726,9.46387364497915,-1.1740800582028441
356.9981680495701,9.322984037994809,-1.149515363528006
358.11692613412947,9.185042194371448,-1.1234620427559288
359.21913119745403,9.050226749240737,-1.0960590602329503
360.3051584073629,8.918699662012783,-1.0674421778713885
361.37540236680445,8.790606600668216,-1.037743538863834
362.4302751588846,8.666077376004555,-1.0070913137319166
363.47020444400516,8.545226418356725,-0.9756094035451357
364.495631614208,8.42815328993131,-0.9434171954105548
365.5070100089997,8.314943226482043,-0.9106293656521528
366.50480319617753,8.205667702603785,-0.8773557264395796
367.48948332048997,8.100385015431035,-0.8437011119730086
368.46152952234166,7.999140881994275,-0.8097653006658301
369.42142642818095,7.901969045914375,-0.7756429700789744
370.3696627136907,7.808891889504898,-0.7414236816429579
371.30672974043125,7.719921047707743,-0.7071918924515931
372.23312026615616,7.635058020613552,-0.6730269916244562
373.1493272286298,7.554294781618617,-0.6390033589139156
374.055842602424,7.477614378548947,-0.6051904433806892
374.95315632784985,7.404991525343264,-0.5716528600823577
375.8417553108911,7.3363931821333805,-0.5384505028178057
376.7221224927471,7.271779121795244,-0.5056386710515507
377.5947359873625,7.211102481269058,-0.4732682092109336
378.4600682851148,7.154310296163746,-0.4413856566094213
379.31858552065444,7.101344017370615,-0.4100334063075259
380.1707468027389,7.052140008613712,-0.37924987127945864
381.01700360377254,7.006630024060177,-0.3490696563138723
381.85779920665976,6.964741665302513,-0.3195237341421949
382.6935682064961,6.926398817205449,-0.2906396243580954
383.5247360645607,6.891522062282477,-0.26244157376978605
384.3517187120346,6.860029073430103,-0.2349507369106345
385.1749222008462,6.831834985000826,-0.2081853555244702
385.9947423990463,6.80685274233789,-0.1821609359371019
386.8115647281268,6.7849934300254375,-0.15689042332691064
387.6257639397299,6.7661665792262085,-0.13238437200937733
388.43770392923705,6.750280454585083,-0.10865111095579283
389.2477375837872,6.737242321270388,-0.08569690387085574
390.05620666233966,6.726958692805885,-0.06352610325722063
390.86344170547636,6.7193355604150184,-0.04214129799570194
391.6697619727262,6.714278604655534,-0.02154345406700038
392.47547540528484,6.711693390167494,-0.0017320481325802256
393.2808786121049,6.711485544391585,0.01729480622118667
394.0862568774319,6.713560921138127,0.03554023969112861
394.89188418796846,6.7178257499010625,0.05300851595996411
395.69802327795657,6.7241867718162585,0.0697049278691397
396.5049256905745,6.732551363160555,0.08563570073018295
397.3128318541538,6.742827647248177,0.10080790321277595
398.1219711718236,6.75492459563371,0.11522936533840887
398.93256212329965,6.768752119474319,0.12890860328916812
399.74481237763655,6.784221151869019,0.1418547507738035
400.55891891586083,6.8012437219618755,0.15407749668055676
401.37506816249623,6.819733021563542,0.16558702872472278
402.19343612508385,6.839603465010509,0.17639398277894489
403.01418854088513,6.860770742943982,0.1865093975597694
403.8374810300384,6.8831518706511545,0.1959446743336589
404.66345925451657,6.906665231571194,0.20471154129984867
405.4922590823051,6.931230616527175,0.2128220223055935
406.3240067562884,6.956769259203846,0.22028840954937937
407.15881906739287,6.983203868349772,0.22712323993158556
407.9968035315948,7.010458657141562,0.2333392747164877
408.83805857045184,7.038459370107541,0.23894948217662063
409.6826736948647,7.067133307968735,0.24396702289914282
410.53072969182097,7.096409350716632,0.24840523744198545
411.38229881390697,7.12621797920967,0.25227763603923936
412.2374449714121,7.156491295534379,0.2555978900650439
413.09622392687623,7.187163042342185,0.25837982497747974
413.9586834919573,7.2181686213394824,0.2606374144759641
414.824863726518,7.249445111076598,0.26238477561794893
415.6947971398472,7.2809312841507525,0.2636361646537801
416.5685088939453,7.312567623909207,0.26440597335184424
417.4460170088144,7.344296340711428,0.264708642736943
418.32733256969976,7.376061377839861,0.2645588898793957
419.21245993504056,7.407808444625388,0.2639715208429865
420.1013969483956,7.439485027126547,0.2629614467937704
420.99413515165077,7.471040400741799,0.2615436888265514
421.8906599997398,7.5024256434009855,0.2597333773002011
422.7909510769479,7.53359364867701,0.2575457482363679
423.6949823147892,7.564499138465374,0.2549961378818122
424.602722211405,7.595098675011191,0.25209997588485467
425.51413405240635,7.625350672117373,0.24887277725128032
426.4291761330604,7.655215405387527,0.2453301331244657
427.34780198170694,7.684655021362463,0.24148770038858233
428.26996058427045,7.713633545409093,0.2373611900811753
429.19559660971953,7.742116888218834,0.23296635460454435
430.1246506363058,7.770072850771379,0.22831897373462345
431.0570593783983,7.797471127619534,0.22343483943920928
431.99275591371264,7.824283308352239,0.21832973953037166
432.9316699107149,7.850482877095883,0.2130194401904302
433.8737278559664,7.876045209918735,0.2075196674241953
434.8188532811567,7.900947570009639,0.2018460875035797
435.76696698955783,7.925169100510068,0.19601428648354963
436.71798728161906,7.948690814888094,0.1900397488796567
437.6718301794056,7.971495584753653,0.18393783560899038
438.62840964957604,7.993568125026732,0.1777237613057827
439.58763782457925,8.014894976383426,0.17141257113195502
440.54942522174525,8.03546448491926,0.1650191172104866
441.5136809599356,8.055266778984517,0.1585580348156995
442.48031297341373,8.074293743162402,0.1520437184596913
443.4492282225932,8.092538989377564,0.14549029801755578
444.4203329013185,8.10999782513967,0.13891161503643756
445.39353264033525,8.126667218944043,0.1323211993739739
446.3687327066085,8.14254576286892,0.12573224631114446
447.34583819815276,8.157633632426258,0.11915759428216326
448.3247542340439,8.171932543740118,0.11260970336085731
449.3053861392927,8.18544570814342,0.10610063463772791
450.2876396242699,8.198177784299949,0.09964203061593312
451.2714209583859,8.21013482797386,0.09324509674715653
452.25663713774276,8.221324239583518,0.08692058421939278
453.24319604649276,8.231754709689845,0.08067877410006327
454.2310066116555,8.241436162581852,0.07452946292657346
455.21997895116533,8.250379698133042,0.06848194982624552
456.2100245149413,8.25859753211219,0.06254502523531184
457.2010562187948,8.266102935140427,0.056726961274777894
458.19298857101165,8.2729101704934,0.0510355038285105
459.18573779147084,8.279034430952821,0.04547786635623567
460.1792219231852,8.284491774915569,0.040060725461527516
461.1733609361751,8.289299061970953,0.03479021822244525
462.1680768236116,8.293473888157646,0.02967194127972583
463.1632936901905,8.297034521111213,0.024710951666198022
464.1589378327239,8.299999835311157,0.0199117693489281
465.15493781296124,8.302389247633029,0.015278381445332471
466.1512245226772,8.304222653406468,0.010814248063719192
467.147731241086,8.305520363174114,0.0065223097097135115
468.14439368466685,8.30630304033928,0.0024049961912544337
469.1411500495076,8.30659163988223,-0.0015357630532065205
470.13794104629346,8.306407348315846,-0.005298527284880371
471.13470992809135,8.30577152504166,-0.0088823315413706
472.1314025110963,8.304705645256696,-0.012286672552567022
473.1279671885271,8.303231244550389,-0.015511493592522557
474.1243549378732,8.301369865319286,-0.018557168367247242
475.1205193217115,8.299143005115216,-0.021424484040110582
476.11641648232535,8.296572067030402,-0.024114623498400264
477.11200513036897,8.293678312210593,-0.026629146964211387
478.10724652783426,8.290482814574888,-0.02896997305289683
479.10210446558324,8.287006417808541,-0.031139359380838505
480.09654523572027,8.28326969468284,-0.033139882822717
481.0905375990822,8.279292908744114,-0.03497441951541877
482.0840527481315,8.275095978402264,-0.03664612470297294
483.0770642655398,8.270698443437908,-0.03815841251312082
484.06954807875235,8.266119433936334,-0.039514935752157095
485.0614824108247,8.261377641646074,-0.040719565799909443
486.0528477278222,8.256491293750086,-0.04177637268256409
487.0436266830722,8.251478129028179,-0.04268960539522938
488.0338040585556,8.246355376380752,-0.04346367254165768
489.02336670372125,8.241139735675754,-0.04410312335269116
490.0123034720023,8.23584736087343,-0.044612629139996994
491.00060515530714,8.23049384537663,-0.04499696523590486
491.9882644167523,8.225094209548322,-0.04526099346484382
492.97527572189813,8.219662890332541,-0.045409645186894186
493.961635268738,8.214213732910114,-0.04544790494787074
494.9473409166872,8.20875998431637,-0.04538079476654466
495.93239211480517,8.203314288944384,-0.0452133590831811
496.9167898294785,8.197888685854402,-0.04495065039033935
497.90053647178104,8.19249460780756,-0.04459771556121971
498.88363582471794,8.187142881940215,-0.04415958288700619
499.86609297055077,8.181843731993775,-0.043641249831004626
500.84791421839003,8.176606782014055,-0.043047671502463164
501.8291070322317,8.17144106143376,-0.042383749851074674
502.8096799596038,8.16635501145163,-0.04165432357824763
503.789642560978,8.161356492622241,-0.04086415875940598
504.7690053400927,8.156452793571113,-0.040017940168379305
505.7477796753212,8.151650640750907,-0.03912026329251025
506.72597775221135,8.146956209155805,-0.0381756270251302
507.70361249731,8.14237513391279,-0.037188427019549435
508.6806975133795,8.137912522670444,-0.03616294968802341
509.6572470161,8.133572968707881,-0.035103366826160824
510.6332757723449,8.129360564688742,-0.034013730843698624
511.60879904010756,8.125278916987499,-0.032897970579959114
512.5838325101461,8.121331160517904,-0.03175988768259817
513.5583922494083,8.117519973995993,-0.03060315352694563
514.5324946462878,8.113847595572759,-0.029431306652684
515.5061563577565,8.110315838774437,-0.028247750694857535
516.4793942584095,8.106926108691054,-0.02705575278525014
517.4522253914524,8.103679418356824,-0.025858442400681428
518.4246669216552,8.100576405268743,-0.024658810634498405
519.3967360902875,8.097617347992603,-0.023459709867856393
520.3684501720467,8.094802182808461,-0.022263853817201088
521.3398264339837,8.092130520350397,-0.021073817935708866
522.3108820964258,8.089601662198111,-0.019892040145681324
523.2816342958895,8.08721461738063,-0.018720821879963132
524.2521000499752,8.084968118755034,-0.01756232941117264
525.2222962242258,8.082860639225693,-0.01641859544746976
526.1922395009329,8.080890407771996,-0.0152915209748821
527.1619463498656,8.07905542525501,-0.014182877326493546
528.1314330008962,8.07735347997583,-0.013094308459495869
529.1007154184933,8.07578216296069,-0.012027333421772753
530.0698092780486,8.074338882950078,-0.010983348990748773
531.0387299440026,8.073020881071189,-0.009963632467235379
532.0074924497312,8.071825245175122,-0.008969344608620353
532.9761114791522,8.070748923822087,-0.008001532685591489
533.9446013500109,8.069788739899817,-0.007061133647919054
534.9129759987989,8.068941403862066,-0.006148977385238209
535.8812489672623,8.068203526575838,-0.005265790069554813
536.8494333904514,8.06757163176749,-0.004412197566729586
537.8175419862634,8.067042168059483,-0.00358872890499994
538.7855870464306,8.066611520590884,-0.0027958197894408228
539.7535804289015,8.066276022216151,-0.0020338161510787935
540.7215335515674,8.066031964278022,-0.0013029777213235253
541.6894573872808,8.065875606951463,-0.0006034816215365285
542.6573624601149,8.06580318915688,6.457404091560964e-05
543.6252588428138,8.065810938041789,0.000701166578475199
544.5931561553788,8.065895078031206,0.001306345139367597
545.5610635647425,8.06605183944793,0.0018802271404319455
546.5289897854763,8.066277466704781,0.002422994724467102
547.4969430814808,8.066568226071716,0.0029348912479632257
548.4649312686095,8.066920413021473,0.0034162178056679573
549.432961718172,8.067330359158152,0.0038673297972435954
550.401041361271,8.067794438733822,0.0042886335413164665
551.3691766939191,8.06830907475878,0.0046805829418623286
552.3373737828902,8.068870744711804,0.005043676211135038
553.3056382722556,8.06947598585714,0.005378452653138025
554.2739753905585,8.070121400175518,0.005685489511952298
555.2423899585796,8.070803658916953,0.005965398887635458
556.2108863976496,8.071519506783469,0.006218824723307591
557.1794687384636,8.072265765750267,0.006446439865828062
558.1481406303536,8.073039338534166,0.006648943203263721
559.1169053509777,8.073837211718557,0.006827056880587728
560.085765816384,8.074656458544228,0.006981523596435252
561.0547245914092,8.0754942413758,0.007113103981990514
562.0237839003744,8.076347813853639,0.007222574064141743
562.9929456380369,8.077214522741336,0.007310722813876244
563.9622113807658,8.078091809479002,0.007378349781196677
564.9315823979033,8.078977211452745,0.007426262816978647
565.9010596632776,8.079868362990783,0.0074552758835667
566.8706438668364,8.080762996096812,0.00746620695310647
567.840335426368,8.081658940931185,0.0
